city_id,feature0,feature1,feature10,feature11,feature12,feature13,feature14,feature15,feature16,feature17,feature18,feature2,feature3,feature4,feature5,feature6,feature7,feature8,feature9,features,img_url,location,name,url
0,1,0,0,0,0,0,0,0,0,0,1,0,0,0,0,0,0,0,0,"Điểm thu hút khách tham quan & thắng cảnh, Danh lam & Thắng cảnh",https://media-cdn.tripadvisor.com/media/photo-s/05/0b/2f/d6/getlstd-property-photo.jpg,"Hà Nội, Việt Nam",Tan Phong oil portraits and paintings,https://www.tripadvisor.com.vn//Attraction_Review-g293924-d5545200-Reviews-Tan_Phong_oil_portraits_and_paintings-Hanoi.html
0,0,0,0,0,0,0,0,0,0,0,1,0,0,1,0,0,0,0,0,"Cầu, Danh lam & Thắng cảnh",https://media-cdn.tripadvisor.com/media/photo-i/0e/18/2b/85/caption.jpg,"603 Lạc Long Quân Hà Nội, Việt Nam",Cau The Huc,https://www.tripadvisor.com.vn//Attraction_Review-g293924-d11965985-Reviews-Cau_The_Huc-Hanoi.html
0,0,0,0,0,0,0,0,0,0,0,1,0,1,0,0,0,0,0,1,"Khu vực đi dạo tham quan di tích lịch sử, Khu lân cận, Danh lam & Thắng cảnh",,"Hà Nội 100000, Việt Nam",Phố Cổ Hà Nội,https://www.tripadvisor.com.vn//Attraction_Review-g293924-d317503-Reviews-Old_Quarter-Hanoi.html
0,0,1,0,0,0,0,0,0,0,0,1,0,0,0,0,0,0,0,0,"Địa điểm linh thiêng & tôn giáo, Danh lam & Thắng cảnh",,"Dinh Tien Hoang St. Hà Nội 100000, Việt Nam",Đền Ngọc Sơn,https://www.tripadvisor.com.vn//Attraction_Review-g293924-d311074-Reviews-Ngoc_Son_Temple-Hanoi.html
0,0,0,0,0,0,0,0,0,0,0,1,0,0,0,0,0,0,0,1,"Khu lân cận, Chợ trời & chợ đường phố, Nơi mua sắm, Danh lam & Thắng cảnh",,"Hà Nội, Việt Nam",Ta Hien Street,https://www.tripadvisor.com.vn//Attraction_Review-g293924-d9983248-Reviews-Ta_Hien_Street-Hanoi.html
0,1,0,0,0,0,0,0,0,0,0,1,0,0,0,0,0,0,0,0,"Điểm thu hút khách tham quan & thắng cảnh, Danh lam & Thắng cảnh",,"Hang Boum Hà Nội 100000, Việt Nam",Bach Ma Temple,https://www.tripadvisor.com.vn//Attraction_Review-g293924-d4211260-Reviews-Bach_Ma_Temple-Hanoi.html
0,0,1,0,0,0,0,0,0,0,0,1,0,0,0,0,0,0,0,0,"Địa điểm linh thiêng & tôn giáo, Danh lam & Thắng cảnh",,"Ong Ich Khiem St Hà Nội 100000, Việt Nam",Chùa Một Cột,https://www.tripadvisor.com.vn//Attraction_Review-g293924-d311075-Reviews-One_Pillar_Pagoda-Hanoi.html
0,0,0,0,0,0,0,0,0,0,0,1,0,1,0,0,0,0,0,0,"Khu vực đi dạo tham quan di tích lịch sử, Viện bảo tàng quân đội, Bảo tàng, Danh lam & Thắng cảnh",,"Vietnam Military History Museum Hà Nội, Việt Nam",Hanoi Flag Tower,https://www.tripadvisor.com.vn//Attraction_Review-g293924-d1486502-Reviews-Hanoi_Flag_Tower-Hanoi.html
0,0,1,0,0,0,0,0,0,0,0,1,0,0,0,0,0,0,0,0,"Địa điểm linh thiêng & tôn giáo, Danh lam & Thắng cảnh",,"Mỹ Đức Hà Nội 100000, Việt Nam",Perfume Pagoda,https://www.tripadvisor.com.vn//Attraction_Review-g293924-d311078-Reviews-Perfume_Pagoda-Hanoi.html
0,0,0,0,0,0,0,0,0,0,0,1,1,0,0,0,0,0,0,0,"Địa điểm lịch sử, Danh lam & Thắng cảnh",,"Ngo 55, Hoang Hoa Tham Hà Nội 10000, Việt Nam",Huu Tiep Lake and the Downed B-52,https://www.tripadvisor.com.vn//Attraction_Review-g293924-d455010-Reviews-Huu_Tiep_Lake_and_the_Downed_B_52-Hanoi.html
0,0,0,0,0,0,0,0,0,0,0,1,0,0,0,0,0,1,0,0,"Đài & tháp quan sát, Danh lam & Thắng cảnh",,"54 Đường Liễu Giai, Phường Cống Vị, Quận Ba Đình Hà Nội 10000, Việt Nam",Đài Quan Sát Lotte,https://www.tripadvisor.com.vn//Attraction_Review-g293924-d7987859-Reviews-Lotte_Observation_Deck-Hanoi.html
0,1,0,0,0,0,0,0,0,0,0,1,0,0,0,0,0,0,0,0,"Điểm thu hút khách tham quan & thắng cảnh, Danh lam & Thắng cảnh",,"Phan Dinh Phung Street Hà Nội 10000, Việt Nam",Hanoi Old Citadel - Northern Gate,https://www.tripadvisor.com.vn//Attraction_Review-g293924-d3477980-Reviews-Hanoi_Old_Citadel_Northern_Gate-Hanoi.html
0,1,0,0,0,0,0,0,0,0,0,1,0,0,0,0,0,0,0,0,"Điểm thu hút khách tham quan & thắng cảnh, Danh lam & Thắng cảnh",,"Hà Nội, Việt Nam",Phố Hàng Gai,https://www.tripadvisor.com.vn//Attraction_Review-g293924-d311058-Reviews-Hang_Gai_Street_Street_of_Hemp-Hanoi.html
0,1,0,0,0,0,0,0,0,0,0,1,0,0,0,0,0,0,0,0,"Điểm thu hút khách tham quan & thắng cảnh, Danh lam & Thắng cảnh",,"Hoan Kiem Lake Hà Nội, Việt Nam",Thap Rua Tower,https://www.tripadvisor.com.vn//Attraction_Review-g293924-d550756-Reviews-Thap_Rua_Tower-Hanoi.html
0,0,0,0,0,0,0,0,0,0,0,1,1,0,0,0,0,0,0,0,"Địa điểm lịch sử, Danh lam & Thắng cảnh",,"Quàng trường Ba Đình Hà Nội 100000, Việt Nam",Lăng Chủ Tịch Hồ Chí Minh,https://www.tripadvisor.com.vn//Attraction_Review-g293924-d311064-Reviews-Ho_Chi_Minh_Mausoleum-Hanoi.html
0,1,0,0,0,0,0,0,0,0,0,1,0,0,0,0,0,0,0,0,"Điểm thu hút khách tham quan & thắng cảnh, Danh lam & Thắng cảnh",,"Hà Nội, Việt Nam",Imperial Citadel of Thang Long,https://www.tripadvisor.com.vn//Attraction_Review-g293924-d6417854-Reviews-Imperial_Citadel_of_Thang_Long-Hanoi.html
0,0,0,0,0,0,0,0,0,0,0,1,0,0,0,0,1,0,0,0,"Đi xe ngắm cảnh, Tour thăm quan thành phố, Danh lam & Thắng cảnh, Chuyến tham quan, Hoạt động ngoài trời",,"số 94, Nguyễn Khánh Toàn Hà Nội 10000, Việt Nam",Chu du Việt Nam JSC.,https://www.tripadvisor.com.vn//Attraction_Review-g293924-d9996806-Reviews-Chu_du_Viet_Nam_JSC-Hanoi.html
0,1,0,0,0,0,0,0,0,0,0,1,0,0,0,0,0,0,0,0,"Điểm thu hút khách tham quan & thắng cảnh, Tour thăm quan thành phố, Chuyến tham quan, Danh lam & Thắng cảnh",,"125D Minh Khai, Hai Bà Trưng Hà Nội 100000, Việt Nam",Công ty TNHH thương mại phát triển và dịch vụ du lịch Nhà Việt - Tour 1 ngày,https://www.tripadvisor.com.vn//Attraction_Review-g293924-d9718651-Reviews-Viethome_Tourist_Day_Tours-Hanoi.html
0,0,0,0,0,0,0,0,0,0,0,1,0,1,0,0,0,0,1,0,"Di tích cổ, Khu vực đi dạo tham quan di tích lịch sử, Danh lam & Thắng cảnh",,"41 Hàng Bông, Q. Hoàn Kiếm Hà Nội 10000, Việt Nam",Vietnam Country Tour - Day Tours,https://www.tripadvisor.com.vn//Attraction_Review-g293924-d9718739-Reviews-Vietnam_Country_Tour_Day_Tours-Hanoi.html
0,1,0,0,0,0,0,0,0,0,0,1,0,0,0,0,0,0,0,0,"Điểm thu hút khách tham quan & thắng cảnh, Danh lam & Thắng cảnh, Spa & Sức khỏe",,"Lot 157 TT3 My Dinh urban area Hà Nội 100000, Việt Nam",Yeonspa,https://www.tripadvisor.com.vn//Attraction_Review-g293924-d13978797-Reviews-Yeonspa-Hanoi.html
0,0,0,0,0,0,0,0,0,0,0,1,0,0,1,0,0,0,0,0,"Đài kỷ niệm & tượng, Danh lam & Thắng cảnh",,"Hà Nội, Việt Nam",John Sidney McCain Memorial,https://www.tripadvisor.com.vn//Attraction_Review-g293924-d12971195-Reviews-John_Sidney_McCain_Memorial-Hanoi.html
0,1,0,0,0,0,0,0,0,0,0,1,0,0,0,0,0,0,0,0,"Điểm thu hút khách tham quan & thắng cảnh, Danh lam & Thắng cảnh",,"386 Lạc Long Quân Hà Nội 100000, Việt Nam",Chùa Tảo Sách,https://www.tripadvisor.com.vn//Attraction_Review-g293924-d14027989-Reviews-Tao_Sach_Pagoda-Hanoi.html
0,0,1,0,0,0,0,0,0,0,0,1,0,0,0,0,0,0,0,0,"Địa điểm linh thiêng & tôn giáo, Danh lam & Thắng cảnh",,"Làng La Khê Hà Nội, Việt Nam",Đình Bia Bà,https://www.tripadvisor.com.vn//Attraction_Review-g293924-d11893964-Reviews-Bia_Ba_Temple-Hanoi.html
0,0,0,0,0,0,0,0,0,0,0,1,0,0,0,0,1,0,0,0,"Đi xe ngắm cảnh, Đường đi xe đạp, Hoạt động ngoài trời, Thiên nhiên & Công viên, Danh lam & Thắng cảnh",,"35 Hàng Buồm, Hoàn Kiếm Hà Nội, Việt Nam",Piston Heads Hanoi,https://www.tripadvisor.com.vn//Attraction_Review-g293924-d10844936-Reviews-Piston_Heads_Hanoi-Hanoi.html
0,1,0,0,0,0,0,0,0,0,0,1,0,0,0,0,0,0,0,0,"Điểm thu hút khách tham quan & thắng cảnh, Danh lam & Thắng cảnh",,"A4703, Keangnam Hanoi Landmark Tower a E6, Pham Hung Rd Hà Nội 10000, Việt Nam",CUC Gallery,https://www.tripadvisor.com.vn//Attraction_Review-g293924-d4831699-Reviews-CUC_Gallery-Hanoi.html
0,0,1,0,0,0,0,0,0,0,0,1,0,0,0,0,0,0,0,0,"Địa điểm linh thiêng & tôn giáo, Danh lam & Thắng cảnh",,"56 Phan Đình Phùng Hà Nội, Việt Nam",Cua Bac Church,https://www.tripadvisor.com.vn//Attraction_Review-g293924-d12855730-Reviews-Cua_Bac_Church-Hanoi.html
0,0,1,0,0,0,0,0,0,0,0,1,0,0,0,0,0,0,0,0,"Địa điểm linh thiêng & tôn giáo, Danh lam & Thắng cảnh",,"So 54 Hang Khoai, Đong Xuan, Hoan Kiem Hà Nội, Việt Nam",Chùa quán Huyền Thiên,https://www.tripadvisor.com.vn//Attraction_Review-g293924-d12110604-Reviews-Chua_quan_Huyen_Thien-Hanoi.html
0,0,0,0,1,1,0,0,0,0,0,1,0,0,0,0,0,0,0,0,"Tòa nhà kiến trúc, Tòa nhà chính phủ, Danh lam & Thắng cảnh",,"Hà Nội, Việt Nam",Tòa Nhà Quốc Hội Việt Nam,https://www.tripadvisor.com.vn//Attraction_Review-g293924-d11950322-Reviews-Vietnamese_National_Assembly-Hanoi.html
0,0,1,0,0,0,0,0,0,0,0,1,0,0,0,0,0,0,0,0,"Địa điểm linh thiêng & tôn giáo, Danh lam & Thắng cảnh",,"59 Đinh Tiên Hoàng Hà Nội, Việt Nam",Đền Bà Kiệu,https://www.tripadvisor.com.vn//Attraction_Review-g293924-d12881611-Reviews-Ba_Kieu_Temple-Hanoi.html
0,0,0,0,0,0,0,1,0,0,0,1,0,0,0,0,0,0,0,0,"Nhà thờ & nhà thờ lớn, Danh lam & Thắng cảnh",,"2 Ngõ Trạm, Hàng Bông, Hoàn Kiếm Hà Nội, Việt Nam",Hội Thánh Tin Lành Hà Nội,https://www.tripadvisor.com.vn//Attraction_Review-g293924-d12110292-Reviews-Hanoi_Evangelical_Church-Hanoi.html
0,0,0,0,0,0,1,0,0,0,0,1,0,0,0,0,0,0,0,0,"Đấu trường & sân vận động, Danh lam & Thắng cảnh",,"Lê Đức Thọ Hà Nội, Việt Nam",My Dinh National Stadium,https://www.tripadvisor.com.vn//Attraction_Review-g293924-d13312162-Reviews-My_Dinh_National_Stadium-Hanoi.html
0,0,1,0,0,0,0,0,0,0,0,1,0,0,0,0,0,0,0,0,"Địa điểm linh thiêng & tôn giáo, Danh lam & Thắng cảnh",,"Hà Nội, Việt Nam",Phung Hung Temple,https://www.tripadvisor.com.vn//Attraction_Review-g293924-d13476766-Reviews-Phung_Hung_Temple-Hanoi.html
0,0,0,0,0,0,0,0,0,0,1,1,0,0,0,0,0,0,0,0,"Địa điểm giáo dục, Danh lam & Thắng cảnh",,"58 56, Nguyen Thai Hoc Hà Nội 10000, Việt Nam",Goethe Institut,https://www.tripadvisor.com.vn//Attraction_Review-g293924-d1797932-Reviews-Goethe_Institut-Hanoi.html
0,0,0,0,0,0,0,0,0,1,0,1,0,0,0,0,0,0,0,0,"Trường đại học & trường học, Danh lam & Thắng cảnh",,"1 Đại Cồ Việt, Hai Bà Trưng Hà Nội, Việt Nam",Trường Đại Học Bách Khoa Hà Nội,https://www.tripadvisor.com.vn//Attraction_Review-g293924-d12211616-Reviews-Hanoi_University_of_Science_and_Technology-Hanoi.html
0,0,0,0,0,0,0,0,0,0,0,1,1,0,0,0,0,0,0,0,"Địa điểm lịch sử, Danh lam & Thắng cảnh",,"Hàng Chiếu Hà Nội, Việt Nam",Ô Quan Chưởng,https://www.tripadvisor.com.vn//Attraction_Review-g293924-d13325980-Reviews-O_Quan_Chuong_Gate-Hanoi.html
0,0,1,0,0,0,0,0,0,0,0,1,0,0,0,0,0,0,0,0,"Địa điểm linh thiêng & tôn giáo, Danh lam & Thắng cảnh",,"12 Hương Viên, Phường Đồng Nhân Hà Nội 10000, Việt Nam",Đền Hai Bà Trưng,https://www.tripadvisor.com.vn//Attraction_Review-g293924-d8141068-Reviews-Hai_Ba_Trung_Temple-Hanoi.html
0,0,0,0,0,0,0,0,0,0,0,1,0,0,0,1,0,0,0,0,"Nông trại, Danh lam & Thắng cảnh",,"Hiep Binh Chanh ward Hà Nội, Việt Nam",Hoa Ca Crocodile Farm,https://www.tripadvisor.com.vn//Attraction_Review-g293924-d6975254-Reviews-Hoa_Ca_Crocodile_Farm-Hanoi.html
0,0,0,0,0,0,0,0,0,0,0,1,0,0,1,0,0,0,0,0,"Đài kỷ niệm & tượng, Danh lam & Thắng cảnh",,"Hà Nội, Việt Nam",Ngo Quyen Temple and Tomb,https://www.tripadvisor.com.vn//Attraction_Review-g293924-d13460583-Reviews-Ngo_Quyen_Temple_and_Tomb-Hanoi.html
0,0,0,0,0,0,1,0,0,0,0,1,0,0,0,0,0,0,0,0,"Đấu trường & sân vận động, Danh lam & Thắng cảnh",,"Hà Nội, Việt Nam",Sân vận động Mỹ Đình,https://www.tripadvisor.com.vn//Attraction_Review-g293924-d8445311-Reviews-My_Dinh_Stadium-Hanoi.html
0,0,1,0,0,0,0,0,0,0,0,1,0,0,0,0,0,0,0,0,"Địa điểm linh thiêng & tôn giáo, Danh lam & Thắng cảnh",,"50 Ly Quoc Su, Hang Trong, Hoan Kiem Hà Nội, Việt Nam",Chùa Lý Triều Quốc Sư,https://www.tripadvisor.com.vn//Attraction_Review-g293924-d12110602-Reviews-Chua_Ly_Trieu_Quoc_Su-Hanoi.html
0,1,0,0,0,0,0,0,0,0,0,1,0,0,0,0,0,0,0,0,"Điểm thu hút khách tham quan & thắng cảnh, Danh lam & Thắng cảnh",,"Dong Mo, Son Tay Hà Nội 10000, Việt Nam",Vietnam National Villages For Ethnic Culture And Tourism,https://www.tripadvisor.com.vn//Attraction_Review-g293924-d6031386-Reviews-Vietnam_National_Villages_For_Ethnic_Culture_And_Tourism-Hanoi.html
0,0,0,0,0,0,0,0,0,0,0,1,0,0,0,0,0,0,1,0,"Di tích cổ, Danh lam & Thắng cảnh",,"Hà Nội, Việt Nam",Dong Ngac Ancient Village,https://www.tripadvisor.com.vn//Attraction_Review-g293924-d13322114-Reviews-Dong_Ngac_Ancient_Village-Hanoi.html
0,0,1,0,0,0,0,0,0,0,0,1,0,0,0,0,0,0,0,0,"Địa điểm linh thiêng & tôn giáo, Danh lam & Thắng cảnh",,"38 Hang Đuong, Hang Đao, Hoan Kiem Hà Nội, Việt Nam",Chùa Cầu Đông,https://www.tripadvisor.com.vn//Attraction_Review-g293924-d12110601-Reviews-Chua_Cau_Dong-Hanoi.html
0,0,1,0,0,0,0,0,0,0,0,1,0,0,0,0,0,0,0,0,"Địa điểm linh thiêng & tôn giáo, Danh lam & Thắng cảnh",,"Yên Phụ , P. Yên Phụ, Q. Tây Hồ Hà Nội 10000, Việt Nam",Chùa Kim Liên,https://www.tripadvisor.com.vn//Attraction_Review-g293924-d10031209-Reviews-Kim_Lien_Pagoda-Hanoi.html
0,1,1,0,0,0,0,0,0,0,0,1,0,0,0,0,0,0,0,0,"Địa điểm linh thiêng & tôn giáo, Điểm thu hút khách tham quan & thắng cảnh, Danh lam & Thắng cảnh",,"Xã Sài Sơn Hà Nội, Việt Nam",Chùa Thầy,https://www.tripadvisor.com.vn//Attraction_Review-g293924-d12293580-Reviews-Thay_Temple-Hanoi.html
0,0,0,0,1,0,0,0,0,0,0,1,0,0,0,0,0,0,0,0,"Tòa nhà chính phủ, Danh lam & Thắng cảnh",,"75 Đinh Tiên Hoàng, Tràng Tiền, Hoàn Kiếm Hà Nội, Việt Nam",Bưu Điện Hà Nội,https://www.tripadvisor.com.vn//Attraction_Review-g293924-d12231787-Reviews-Post_Office_Ha_Noi-Hanoi.html
0,0,1,0,0,0,0,0,0,0,0,1,0,0,0,0,0,0,0,0,"Địa điểm linh thiêng & tôn giáo, Danh lam & Thắng cảnh",,"Quảng An, Tây Hồ Hà Nội 10000, Việt Nam",Chùa Phổ Linh,https://www.tripadvisor.com.vn//Attraction_Review-g293924-d9704567-Reviews-Pho_Linh_Temple-Hanoi.html
0,1,0,0,0,0,0,0,0,0,0,1,0,0,0,0,0,0,0,0,"Điểm thu hút khách tham quan & thắng cảnh, Danh lam & Thắng cảnh",,"A Circa 30 Km a Nord Est DI Hanoi. Hà Nội 10000, Việt Nam",Chùa Bút Tháp (Pagoda But Thap),https://www.tripadvisor.com.vn//Attraction_Review-g293924-d4243490-Reviews-Chua_But_Thap_Pagoda_But_Thap-Hanoi.html
0,0,0,0,0,0,0,0,1,0,0,1,0,0,0,0,0,0,0,0,"Trung tâm hành chính, Danh lam & Thắng cảnh",,"91 Tran Hung Dao St. Hà Nội 10000, Việt Nam",Cultural Friendship Palace (Cung Van Hoa Huu Nghi),https://www.tripadvisor.com.vn//Attraction_Review-g293924-d311054-Reviews-Cultural_Friendship_Palace_Cung_Van_Hoa_Huu_Nghi-Hanoi.html
0,1,0,0,0,0,0,0,0,0,0,1,0,0,0,0,0,0,0,0,"Điểm thu hút khách tham quan & thắng cảnh, Danh lam & Thắng cảnh",,"Hà Nội, Việt Nam",Hang Quat Street (Street of Fans),https://www.tripadvisor.com.vn//Attraction_Review-g293924-d311060-Reviews-Hang_Quat_Street_Street_of_Fans-Hanoi.html
0,1,1,0,0,0,0,0,0,0,0,1,0,0,0,0,0,0,0,0,"Địa điểm linh thiêng & tôn giáo, Điểm thu hút khách tham quan & thắng cảnh, Danh lam & Thắng cảnh",,"3 Nha Tho, Hang Trong, Hoan Kiem Hà Nội, Việt Nam",Chùa Bà Đá,https://www.tripadvisor.com.vn//Attraction_Review-g293924-d12110600-Reviews-Chua_Ba_Da-Hanoi.html
0,1,0,0,0,0,0,0,0,0,0,1,0,0,0,0,0,1,0,0,"Đài & tháp quan sát, Điểm thu hút khách tham quan & thắng cảnh, Danh lam & Thắng cảnh",,"Đường Phạm Hùng, quận Nam Từ Liêm Hà Nội 10000, Việt Nam",Tòa nhà Keangnam Hà Nội,https://www.tripadvisor.com.vn//Attraction_Review-g293924-d7313360-Reviews-Keangnam_Hanoi_Landmark_Tower-Hanoi.html
0,1,0,0,0,0,0,0,0,0,0,1,0,0,0,0,0,0,0,0,"Điểm thu hút khách tham quan & thắng cảnh, Danh lam & Thắng cảnh",,"85 Hang Gai Hà Nội 10000, Việt Nam",Dinh Co Vu,https://www.tripadvisor.com.vn//Attraction_Review-g293924-d4763180-Reviews-Dinh_Co_Vu-Hanoi.html
0,1,0,0,0,0,0,0,0,0,0,1,0,0,0,0,0,0,0,0,"Điểm thu hút khách tham quan & thắng cảnh, Danh lam & Thắng cảnh",,"28 Hang Buom Street Hà Nội 10000, Việt Nam",Den Quan De,https://www.tripadvisor.com.vn//Attraction_Review-g293924-d6991711-Reviews-Den_Quan_De-Hanoi.html
0,0,1,0,0,0,0,0,0,0,0,1,1,0,0,0,0,0,0,0,"Địa điểm linh thiêng & tôn giáo, Địa điểm lịch sử, Danh lam & Thắng cảnh",,"42 Hàng Bạc Hà Nội 100000, Việt Nam",Chùa Kim Ngân,https://www.tripadvisor.com.vn//Attraction_Review-g293924-d10794590-Reviews-Kim_Ngan_Temple-Hanoi.html
0,0,1,0,0,0,0,0,0,0,0,1,0,0,0,0,0,0,0,0,"Địa điểm linh thiêng & tôn giáo, Danh lam & Thắng cảnh",,"Thanh Nien Hà Nội, Việt Nam",Den Quan Tran Vu,https://www.tripadvisor.com.vn//Attraction_Review-g293924-d2349048-Reviews-Den_Quan_Tran_Vu-Hanoi.html
0,1,0,0,0,0,0,0,0,0,0,1,0,0,0,0,0,0,0,0,"Chuyến tham quan ngắm cảnh, Điểm thu hút khách tham quan & thắng cảnh, Danh lam & Thắng cảnh, Chuyến tham quan, Đồ ăn & Đồ uống",,"106 Hue street- Hai Ba Trung district Hà Nội 10000, Việt Nam",Hanoi Scarlet Travel - Day Tours,https://www.tripadvisor.com.vn//Attraction_Review-g293924-d8647360-Reviews-Hanoi_Scarlet_Travel_Day_Tours-Hanoi.html
0,1,0,0,0,0,0,0,0,0,0,1,0,0,0,0,0,0,0,0,"Điểm thu hút khách tham quan & thắng cảnh, Danh lam & Thắng cảnh",,"Hà Nội, Việt Nam",Đường Hàng Bạc,https://www.tripadvisor.com.vn//Attraction_Review-g293924-d8099300-Reviews-Hang_Bac_Street-Hanoi.html
0,1,0,0,0,0,0,0,0,0,0,1,0,0,0,0,0,0,0,0,"Điểm thu hút khách tham quan & thắng cảnh, Danh lam & Thắng cảnh",,"Hà Nội, Việt Nam",Phố Hàng Dầu,https://www.tripadvisor.com.vn//Attraction_Review-g293924-d8099313-Reviews-Hang_Dau_Street-Hanoi.html
0,1,0,0,0,0,0,0,0,0,0,1,0,0,0,0,0,0,0,0,"Điểm thu hút khách tham quan & thắng cảnh, Danh lam & Thắng cảnh",,"4b Dinh Liet - Hoan Kiem District Hà Nội 10000, Việt Nam",Dien Dam Gallery,https://www.tripadvisor.com.vn//Attraction_Review-g293924-d7363554-Reviews-Dien_Dam_Gallery-Hanoi.html
0,0,1,0,0,0,0,0,0,0,0,1,1,0,0,0,0,0,0,0,"Địa điểm linh thiêng & tôn giáo, Địa điểm lịch sử, Danh lam & Thắng cảnh",,"42 Hàng Bạc Hà Nội 100000, Việt Nam",Trung tâm văn hóa V'ancient Kim Ngân,https://www.tripadvisor.com.vn//Attraction_Review-g293924-d11629612-Reviews-V_ancient-Hanoi.html
0,1,0,0,0,0,0,0,0,0,0,1,1,0,0,0,0,0,0,0,"Địa điểm lịch sử, Điểm thu hút khách tham quan & thắng cảnh, Chuyến tham quan, Danh lam & Thắng cảnh",,"Hà Nội 100000, Việt Nam",Mercury Travel,https://www.tripadvisor.com.vn//Attraction_Review-g293924-d8380507-Reviews-Mercury_Travel-Hanoi.html
0,0,1,0,0,0,0,0,0,0,0,1,0,0,0,0,0,0,0,0,"Địa điểm linh thiêng & tôn giáo, Danh lam & Thắng cảnh",,"Mỹ Đức Hà Nội 10000, Việt Nam",Chùa Thiên Trù (Chùa Ngoài),https://www.tripadvisor.com.vn//Attraction_Review-g293924-d8296290-Reviews-Thien_Tru_Pagoda-Hanoi.html
0,1,0,0,0,0,0,0,0,0,0,1,0,0,0,0,0,0,0,0,"Điểm thu hút khách tham quan & thắng cảnh, Danh lam & Thắng cảnh",,"Hang Bac Street, 102 Hà Nội 100000, Việt Nam",Hang Bac Temple,https://www.tripadvisor.com.vn//Attraction_Review-g293924-d5453119-Reviews-Hang_Bac_Temple-Hanoi.html
0,0,0,0,0,0,0,0,0,0,0,1,0,0,0,0,1,0,0,0,"Đi xe ngắm cảnh, Chuyến tham quan bằng thuyền, Danh lam & Thắng cảnh, Chuyến tham quan, Chuyến tham quan bằng thuyền & thể thao dưới nước, Hoạt động ngoài trời",,"Slot 9. Halong Bay Tourist Pier Hà Nội 100000, Việt Nam",Royal Heritage Cruise,https://www.tripadvisor.com.vn//Attraction_Review-g293924-d4004327-Reviews-Royal_Heritage_Cruise-Hanoi.html
0,0,1,0,0,0,0,0,0,0,0,1,0,0,0,0,0,0,0,0,"Địa điểm linh thiêng & tôn giáo, Danh lam & Thắng cảnh",,"12 Hang Luoc Street Hà Nội 10000, Việt Nam",Al Nour Mosque,https://www.tripadvisor.com.vn//Attraction_Review-g293924-d8311465-Reviews-Al_Nour_Mosque-Hanoi.html
0,0,1,0,0,0,0,0,0,0,0,1,0,0,1,0,0,0,0,0,"Địa điểm linh thiêng & tôn giáo, Đài kỷ niệm & tượng, Danh lam & Thắng cảnh",,"Đường Lê Thái Tổ Hà Nội 10000, Việt Nam",Tượng Đài Vua Lê Thái Tổ,https://www.tripadvisor.com.vn//Attraction_Review-g293924-d8532696-Reviews-Statue_of_King_Le_Thai_To-Hanoi.html
0,0,0,0,0,0,0,0,0,0,0,1,1,0,0,0,0,0,0,0,"Địa điểm lịch sử, Danh lam & Thắng cảnh",,"1 Ngõ Bách Thảo, Ngọc Hà, Ba Đình Hà Nội, Việt Nam",Nhà Sàn Bác Hồ,https://www.tripadvisor.com.vn//Attraction_Review-g293924-d12198666-Reviews-Ho_Chi_Minh_s_Stilt_House-Hanoi.html
0,0,1,0,0,0,0,0,0,0,0,1,0,0,0,0,0,0,0,0,"Địa điểm linh thiêng & tôn giáo, Danh lam & Thắng cảnh",,"Dang Thai Mai Hà Nội 100000, Việt Nam",Phu Tay Ho,https://www.tripadvisor.com.vn//Attraction_Review-g293924-d2626564-Reviews-Phu_Tay_Ho-Hanoi.html
0,0,0,0,0,0,0,0,0,0,0,1,0,0,1,0,0,0,0,0,"Đài kỷ niệm & tượng, Danh lam & Thắng cảnh",,"Hà Nội, Việt Nam",Lenin Statue,https://www.tripadvisor.com.vn//Attraction_Review-g293924-d553968-Reviews-Lenin_Statue-Hanoi.html
0,0,0,0,0,0,0,0,0,0,0,1,0,0,0,1,0,0,0,0,"Chuyến tham quan sinh thái, Nông trại, Danh lam & Thắng cảnh, Chuyến tham quan, Đồ ăn & Đồ uống, Hoạt động ngoài trời, Lớp học & hội thảo",,"Thôn 4, Song Phương, Hoài Đức Hà Nội, Việt Nam",Farm tour and cook with local family in Hanoi,https://www.tripadvisor.com.vn//Attraction_Review-g293924-d12430947-Reviews-Farm_tour_and_cook_with_local_family_in_Hanoi-Hanoi.html
0,1,0,0,0,0,0,0,0,0,0,1,0,0,0,0,0,0,0,0,"Điểm thu hút khách tham quan & thắng cảnh, Danh lam & Thắng cảnh",,"But Thap, Dinh to, Bac Ninh Province Hà Nội 10000, Việt Nam",Pagoda But Thap,https://www.tripadvisor.com.vn//Attraction_Review-g293924-d4945615-Reviews-Pagoda_But_Thap-Hanoi.html
0,1,0,0,0,0,0,0,0,0,0,1,0,1,0,0,0,0,0,0,"Khu vực đi dạo tham quan di tích lịch sử, Điểm thu hút khách tham quan & thắng cảnh, Danh lam & Thắng cảnh",,"Hà Nội 10000, Việt Nam",Ba Đình Square,https://www.tripadvisor.com.vn//Attraction_Review-g293924-d9582337-Reviews-Ba_Dinh_Square-Hanoi.html
0,0,0,0,0,0,0,0,0,0,0,1,0,0,1,0,0,0,0,0,"Cầu, Danh lam & Thắng cảnh",,"Hà Nội, Việt Nam",Cầu Nhật Tân,https://www.tripadvisor.com.vn//Attraction_Review-g293924-d8290119-Reviews-Nhat_Tan_Bridge-Hanoi.html
0,0,0,0,0,0,0,0,0,0,0,1,0,0,0,0,0,1,0,0,"Đài & tháp quan sát, Danh lam & Thắng cảnh",,"Landmark72 Tower, Plot E6, Pham Hung Road Hà Nội 10000, Việt Nam",Sky 72 Observatory,https://www.tripadvisor.com.vn//Attraction_Review-g293924-d6367022-Reviews-Sky_72_Observatory-Hanoi.html
0,1,0,0,0,0,0,0,0,0,0,1,0,0,0,0,0,0,0,0,"Điểm thu hút khách tham quan & thắng cảnh, Danh lam & Thắng cảnh",,"Hà Nội, Việt Nam",Gallery27,https://www.tripadvisor.com.vn//Attraction_Review-g293924-d4971485-Reviews-Gallery27-Hanoi.html
0,0,1,0,0,0,0,0,0,0,0,1,0,0,0,0,0,0,0,0,"Địa điểm linh thiêng & tôn giáo, Danh lam & Thắng cảnh",,"73 Quan Su St. Hà Nội 100000, Việt Nam",Ambassador's Pagoda (Chua Quan Su),https://www.tripadvisor.com.vn//Attraction_Review-g293924-d311050-Reviews-Ambassador_s_Pagoda_Chua_Quan_Su-Hanoi.html
0,0,0,0,0,0,0,0,0,0,0,1,0,0,0,1,0,0,0,0,"Nông trại, Chuyến tham quan ngắm cảnh, Hoạt động ngoài trời, Chuyến tham quan, Danh lam & Thắng cảnh",,"Suite 208, Số 4 Dãy K, Đa Sỹ, Quận Hà Dông Hà Nội, Việt Nam",Deluxe Vietnam Tours,https://www.tripadvisor.com.vn//Attraction_Review-g293924-d2219582-Reviews-Deluxe_Vietnam_Tours-Hanoi.html
0,1,0,0,0,0,0,0,0,0,0,1,0,0,0,0,0,0,0,0,"Điểm thu hút khách tham quan & thắng cảnh, Danh lam & Thắng cảnh",,"Hang Chieu street Hà Nội 100000, Việt Nam",Old City Gate,https://www.tripadvisor.com.vn//Attraction_Review-g293924-d554496-Reviews-Old_City_Gate-Hanoi.html
0,1,1,0,0,0,0,0,0,0,0,1,0,0,0,0,0,0,0,0,"Địa điểm linh thiêng & tôn giáo, Điểm thu hút khách tham quan & thắng cảnh, Danh lam & Thắng cảnh",,"40 Nha Chung St Hà Nội 100000, Việt Nam",Nhà Thờ Lớn,https://www.tripadvisor.com.vn//Attraction_Review-g293924-d311082-Reviews-St_Joseph_s_Cathedral-Hanoi.html
0,0,1,0,0,0,0,0,0,0,0,1,0,0,0,0,0,0,0,0,"Địa điểm linh thiêng & tôn giáo, Danh lam & Thắng cảnh",,"Quan Thanh and Thanh Nien Sts. Hà Nội 10000, Việt Nam",Quan Thanh Temple,https://www.tripadvisor.com.vn//Attraction_Review-g293924-d311081-Reviews-Quan_Thanh_Temple-Hanoi.html
0,1,0,0,0,1,0,0,0,0,0,1,0,0,0,0,0,0,0,0,"Tòa nhà kiến trúc, Điểm thu hút khách tham quan & thắng cảnh, Danh lam & Thắng cảnh, Hòa nhạc & chương trình biểu diễn",,"01 Tràng Tiền Hà Nội 10000, Việt Nam",Nhà hát lớn Hà Nội,https://www.tripadvisor.com.vn//Attraction_Review-g293924-d311077-Reviews-Hanoi_Opera_House-Hanoi.html
0,1,0,0,0,0,0,0,0,0,0,1,0,0,0,0,0,0,0,0,"Điểm thu hút khách tham quan & thắng cảnh, Danh lam & Thắng cảnh",,"5 Dinh Liet Hà Nội 100000, Việt Nam",Công ty du lịch Moon Travel,https://www.tripadvisor.com.vn//Attraction_Review-g293924-d10446754-Reviews-Moon_Travel-Hanoi.html
0,0,0,0,0,0,0,0,0,0,0,1,1,0,0,0,0,0,0,0,"Địa điểm lịch sử, Danh lam & Thắng cảnh",,"Số 1 - Hoàng Hoa Thám (Cổng Đỏ) - Ba Đình Hà Nội 10000, Việt Nam",Khu di tích chủ tịch Hồ Chí Minh tại Phủ Chủ Tịch,https://www.tripadvisor.com.vn//Attraction_Review-g293924-d311067-Reviews-Ho_Chi_Minh_Presidential_Palace_Historical_Site-Hanoi.html
0,0,0,0,0,0,0,0,0,0,0,1,0,0,1,0,0,0,0,0,"Cầu, Danh lam & Thắng cảnh",,"Hà Nội, Việt Nam",Long Bien Bridge,https://www.tripadvisor.com.vn//Attraction_Review-g293924-d2179632-Reviews-Long_Bien_Bridge-Hanoi.html
0,0,0,0,0,0,0,0,0,0,0,1,1,1,0,0,0,0,0,0,"Địa điểm lịch sử, Khu vực đi dạo tham quan di tích lịch sử, Danh lam & Thắng cảnh",,"Huyện Sơn Tây Hà Nội 100000, Việt Nam",Làng cổ Đường Lâm,https://www.tripadvisor.com.vn//Attraction_Review-g293924-d814878-Reviews-Duong_Lam_Ancient_Village-Hanoi.html
0,1,0,0,0,0,0,0,0,0,0,1,0,0,0,0,0,0,0,0,"Điểm thu hút khách tham quan & thắng cảnh, Danh lam & Thắng cảnh",,"Dọc đường từ đầu Trần Khánh Dư đến hết Nghi Tàm Hà Nội, Việt Nam",Con đường Gốm sứ,https://www.tripadvisor.com.vn//Attraction_Review-g293924-d4162202-Reviews-Hanoi_Ceramic_Mosaic_Mural-Hanoi.html
0,0,0,1,0,0,0,0,0,0,0,1,0,0,0,0,0,0,0,0,"Khu vực đi dạo ngắm cảnh, Chuyến tham quan bằng thuyền, Danh lam & Thắng cảnh, Chuyến tham quan, Hoạt động ngoài trời, Chuyến tham quan bằng thuyền & thể thao dưới nước",,"268 Ngoc Thuy Hà Nội 125883, Việt Nam",Travel Agent Hanoi,https://www.tripadvisor.com.vn//Attraction_Review-g293924-d8619910-Reviews-Travel_Agent_Hanoi-Hanoi.html
0,0,1,0,0,0,0,0,0,0,0,1,0,0,0,0,0,0,0,0,"Địa điểm linh thiêng & tôn giáo, Danh lam & Thắng cảnh",,"Thanh Nien Hà Nội 10000, Việt Nam",Chua Tran Quoc,https://www.tripadvisor.com.vn//Attraction_Review-g293924-d2067946-Reviews-Chua_Tran_Quoc-Hanoi.html
0,0,1,0,0,0,0,0,0,0,0,1,1,0,0,0,0,0,0,0,"Địa điểm linh thiêng & tôn giáo, Địa điểm lịch sử, Danh lam & Thắng cảnh",,"Quốc Tử Giám, Đống Đa Hà Nội 100000, Việt Nam",Văn Miếu Quốc Tử Giám,https://www.tripadvisor.com.vn//Attraction_Review-g293924-d311083-Reviews-Temple_of_Literature_National_University-Hanoi.html
0,0,0,0,0,0,0,0,0,0,0,1,1,0,0,0,0,0,0,0,"Địa điểm lịch sử, Danh lam & Thắng cảnh",,"1 Hoả Lò Hà Nội 10000, Việt Nam",Hỏa Lò,https://www.tripadvisor.com.vn//Attraction_Review-g293924-d311069-Reviews-Hoa_Lo_Prison-Hanoi.html
0,0,0,0,0,0,0,0,0,0,0,1,0,1,0,0,0,0,0,0,"Khu vực đi dạo tham quan di tích lịch sử, Chuyến tham quan ẩm thực, Đồ ăn & Đồ uống, Danh lam & Thắng cảnh, Chuyến tham quan",,"15 Ngo Quyen Hà Nội, Việt Nam",Vietnam by Vespa,https://www.tripadvisor.com.vn//Attraction_Review-g293924-d7931647-Reviews-Vietnam_by_Vespa-Hanoi.html
1,0,0,0,0,0,0,1,0,0,0,1,0,0,0,0,0,0,0,0,"Nhà thờ & nhà thờ lớn, Danh lam & Thắng cảnh",,"Phường Bến Nghé, Quận 1 Thành phố Hồ Chí Minh 700000, Việt Nam",Nhà thờ Đức Bà Sài Gòn,https://www.tripadvisor.com.vn//Attraction_Review-g293925-d317896-Reviews-Saigon_Notre_Dame_Cathedral-Ho_Chi_Minh_City.html
1,1,0,0,0,0,0,0,0,0,0,1,0,0,0,0,0,0,0,0,"Điểm thu hút khách tham quan & thắng cảnh, Danh lam & Thắng cảnh",,"5 Nguyễn Tất Thành, District 4 Thành phố Hồ Chí Minh District 4, Việt Nam",The Observatory,https://www.tripadvisor.com.vn//Attraction_Review-g293925-d6385014-Reviews-The_Observatory-Ho_Chi_Minh_City.html
1,1,0,0,0,0,0,0,0,0,0,1,0,0,0,0,0,0,0,0,"Điểm thu hút khách tham quan & thắng cảnh, Danh lam & Thắng cảnh",,"Thành phố Hồ Chí Minh 700000, Việt Nam",Cu Chi Tunnels,https://www.tripadvisor.com.vn//Attraction_Review-g293925-d2005826-Reviews-Cu_Chi_Tunnels-Ho_Chi_Minh_City.html
1,0,0,0,0,0,0,0,0,0,0,1,0,0,0,0,0,0,0,1,"Khu lân cận, Danh lam & Thắng cảnh",,"57D Tú Xương Thành phố Hồ Chí Minh, Việt Nam",Blanc Arts Space Books Cafe,https://www.tripadvisor.com.vn//Attraction_Review-g293925-d11672865-Reviews-Blanc_Arts_Space_Books_Cafe-Ho_Chi_Minh_City.html
1,1,0,0,0,0,0,0,0,0,0,1,0,0,0,0,0,0,0,0,"Điểm thu hút khách tham quan & thắng cảnh, Danh lam & Thắng cảnh",,"Quận 1 Thành phố Hồ Chí Minh 700000, Việt Nam",Đường Bùi Viện,https://www.tripadvisor.com.vn//Attraction_Review-g293925-d5505885-Reviews-Bui_Vien_Street-Ho_Chi_Minh_City.html
1,1,0,0,0,0,0,0,0,0,0,1,0,0,0,0,0,0,0,0,"Điểm thu hút khách tham quan & thắng cảnh, Danh lam & Thắng cảnh",,"1147 Binh Quoi, Binh Thanh District Thành phố Hồ Chí Minh 700000, Việt Nam",Binh Quoi Village,https://www.tripadvisor.com.vn//Attraction_Review-g293925-d4597843-Reviews-Binh_Quoi_Village-Ho_Chi_Minh_City.html
1,0,0,0,0,0,0,0,0,0,0,1,0,0,0,0,0,0,0,1,"Khu lân cận, Danh lam & Thắng cảnh",,"Thành phố Hồ Chí Minh, Việt Nam",Pham Ngu Lao Street,https://www.tripadvisor.com.vn//Attraction_Review-g293925-d2273343-Reviews-Pham_Ngu_Lao_Street-Ho_Chi_Minh_City.html
1,1,0,0,0,0,0,0,0,0,0,1,0,0,0,0,0,0,0,0,"Điểm thu hút khách tham quan & thắng cảnh, Danh lam & Thắng cảnh",,"Notre Dame Square Thành phố Hồ Chí Minh 700000, Việt Nam",Notre Dame Square,https://www.tripadvisor.com.vn//Attraction_Review-g293925-d317898-Reviews-Notre_Dame_Square-Ho_Chi_Minh_City.html
1,0,1,0,0,0,0,0,0,0,0,1,0,0,0,0,0,0,0,0,"Địa điểm linh thiêng & tôn giáo, Danh lam & Thắng cảnh",,"339 Nam Ky Khoi Nghia, Q.3 Thành phố Hồ Chí Minh 70000, Việt Nam",Chua Vinh Nghiem,https://www.tripadvisor.com.vn//Attraction_Review-g293925-d2385857-Reviews-Chua_Vinh_Nghiem-Ho_Chi_Minh_City.html
1,0,1,0,0,0,0,1,0,0,0,1,0,0,0,0,0,0,0,0,"Địa điểm linh thiêng & tôn giáo, Nhà thờ & nhà thờ lớn, Danh lam & Thắng cảnh",,"01 Tôn Thất Tùng, Phạm Ngũ Lão, Quận 1 Thành phố Hồ Chí Minh 70000, Việt Nam",Nhà thờ Huyện Sĩ,https://www.tripadvisor.com.vn//Attraction_Review-g293925-d8310942-Reviews-Catholic_Church_Huyen_Sy-Ho_Chi_Minh_City.html
1,0,1,0,0,1,0,0,0,0,0,1,0,0,0,0,0,0,0,0,"Tòa nhà kiến trúc, Địa điểm linh thiêng & tôn giáo, Danh lam & Thắng cảnh",,"66 Nghia Thuc Street, District 5 Thành phố Hồ Chí Minh 70000, Việt Nam",Chua Van Phat - Temple of Ten Thousand Buddhas,https://www.tripadvisor.com.vn//Attraction_Review-g293925-d7907864-Reviews-Chua_Van_Phat_Temple_of_Ten_Thousand_Buddhas-Ho_Chi_Minh_City.html
1,0,1,0,0,0,0,0,0,0,0,1,0,0,0,0,0,0,0,0,"Địa điểm linh thiêng & tôn giáo, Danh lam & Thắng cảnh",,"45 Truong Dinh Thành phố Hồ Chí Minh 70000, Việt Nam",Mariamman Hindu Temple,https://www.tripadvisor.com.vn//Attraction_Review-g293925-d2407915-Reviews-Mariamman_Hindu_Temple-Ho_Chi_Minh_City.html
1,0,0,0,1,1,0,0,0,0,0,1,0,0,0,0,0,0,0,0,"Tòa nhà kiến trúc, Tòa nhà chính phủ, Danh lam & Thắng cảnh",,"106 Nguyễn Du, Quận 1 Thành phố Hồ Chí Minh 70000, Việt Nam",Dinh Độc Lập,https://www.tripadvisor.com.vn//Attraction_Review-g293925-d317890-Reviews-The_Independence_Palace-Ho_Chi_Minh_City.html
1,0,0,0,0,0,0,0,0,0,0,1,0,0,1,0,0,0,0,0,"Đài kỷ niệm & tượng, Danh lam & Thắng cảnh",,"1 Nguyen Hue Street, District 1 Thành phố Hồ Chí Minh 70000, Việt Nam",President ho Chi Minh Statue,https://www.tripadvisor.com.vn//Attraction_Review-g293925-d9582552-Reviews-President_ho_Chi_Minh_Statue-Ho_Chi_Minh_City.html
1,0,0,0,1,1,0,0,0,0,0,1,0,0,0,0,0,0,0,0,"Tòa nhà kiến trúc, Tòa nhà chính phủ, Danh lam & Thắng cảnh",,"86 Lê Thánh Tôn, P. Bến Nghé, Q.1 Thành phố Hồ Chí Minh 70000, Việt Nam",Ủy Ban Nhân Dân Thành Phố,https://www.tripadvisor.com.vn//Attraction_Review-g293925-d1910195-Reviews-People_s_Committee_Building-Ho_Chi_Minh_City.html
1,1,0,0,0,0,0,0,0,0,0,1,0,0,0,0,0,0,0,0,"Điểm thu hút khách tham quan & thắng cảnh, Danh lam & Thắng cảnh",,"Quận 1 Thành phố Hồ Chí Minh 700000, Việt Nam",Đường Đồng Khởi,https://www.tripadvisor.com.vn//Attraction_Review-g293925-d1784754-Reviews-Dong_Khoi_Street-Ho_Chi_Minh_City.html
1,0,1,0,0,0,0,0,0,0,0,1,0,0,0,0,0,0,0,0,"Địa điểm linh thiêng & tôn giáo, Danh lam & Thắng cảnh",,"247 Hoang Sa Thành phố Hồ Chí Minh, Việt Nam",Longevity Temple,https://www.tripadvisor.com.vn//Attraction_Review-g293925-d13875598-Reviews-Longevity_Temple-Ho_Chi_Minh_City.html
1,1,0,0,0,0,0,0,0,0,0,1,0,0,0,0,0,0,0,0,"Điểm thu hút khách tham quan & thắng cảnh, Danh lam & Thắng cảnh",,"53/104 Tran Khanh Du, Dakao ward, District 1 Thành phố Hồ Chí Minh 70000, Việt Nam",Bat Trang Moment - pottery workshop,https://www.tripadvisor.com.vn//Attraction_Review-g293925-d5812613-Reviews-Bat_Trang_Moment_pottery_workshop-Ho_Chi_Minh_City.html
1,0,0,0,0,0,0,0,1,0,0,1,0,0,0,0,0,0,0,0,"Trung tâm hành chính, Danh lam & Thắng cảnh",,"46/29 Nguyễn Cửu Vân Thành phố Hồ Chí Minh, Việt Nam",The Culturist Hub,https://www.tripadvisor.com.vn//Attraction_Review-g293925-d12906841-Reviews-The_Culturist_Hub-Ho_Chi_Minh_City.html
1,0,0,0,0,1,0,0,0,0,0,1,0,0,0,0,0,0,1,0,"Di tích cổ, Tòa nhà kiến trúc, Danh lam & Thắng cảnh",,"Thành phố Hồ Chí Minh, Việt Nam",Wat Chantarangsay,https://www.tripadvisor.com.vn//Attraction_Review-g293925-d9728832-Reviews-Wat_Chantarangsay-Ho_Chi_Minh_City.html
1,1,0,0,0,0,0,0,0,0,0,1,0,0,0,0,0,0,0,0,"Điểm thu hút khách tham quan & thắng cảnh, Danh lam & Thắng cảnh",,"Luong Van Nho Rd, Giong Ao town Thành phố Hồ Chí Minh 70000, Việt Nam",Rung Sac Military Base,https://www.tripadvisor.com.vn//Attraction_Review-g293925-d4559699-Reviews-Rung_Sac_Military_Base-Ho_Chi_Minh_City.html
1,0,0,0,0,1,0,0,0,0,0,1,0,0,0,0,0,0,0,0,"Tòa nhà kiến trúc, Danh lam & Thắng cảnh",,"89 Hoang Quoc viet street Thành phố Hồ Chí Minh 848, Việt Nam",Van Phat Hung,https://www.tripadvisor.com.vn//Attraction_Review-g293925-d3802228-Reviews-Van_Phat_Hung-Ho_Chi_Minh_City.html
1,1,0,0,0,0,0,0,0,0,0,1,0,0,0,0,0,0,0,0,"Điểm thu hút khách tham quan & thắng cảnh, Danh lam & Thắng cảnh",,"Thành phố Hồ Chí Minh, Việt Nam",Former U.S. Embassy,https://www.tripadvisor.com.vn//Attraction_Review-g293925-d550712-Reviews-Former_U_S_Embassy-Ho_Chi_Minh_City.html
1,0,0,0,0,0,0,1,0,0,0,1,0,0,0,0,0,0,0,0,"Nhà thờ & nhà thờ lớn, Danh lam & Thắng cảnh",,"Phuong 10 Thành phố Hồ Chí Minh 70000, Việt Nam",Nha tho Da Minh,https://www.tripadvisor.com.vn//Attraction_Review-g293925-d8528253-Reviews-Nha_tho_Da_Minh-Ho_Chi_Minh_City.html
1,0,1,0,0,0,0,0,0,0,0,1,0,0,0,0,0,0,0,0,"Địa điểm linh thiêng & tôn giáo, Danh lam & Thắng cảnh",,"Đường 102, KP7, phường Tăng Nhơn Phú A, quận 9 Thành phố Hồ Chí Minh 70000, Việt Nam",Chùa Phước Tường,https://www.tripadvisor.com.vn//Attraction_Review-g293925-d8631037-Reviews-Phuoc_Tuong_pagoda-Ho_Chi_Minh_City.html
1,0,0,0,0,0,0,0,0,0,0,1,0,0,1,0,0,0,0,0,"Đài kỷ niệm & tượng, Danh lam & Thắng cảnh",,"120 AH 1 Tan Phu, Quan 9 Thành phố Hồ Chí Minh 70000, Việt Nam",Thánh Tượng Quán Thế Âm Thiên Thủ Thiên Nhãn,https://www.tripadvisor.com.vn//Attraction_Review-g293925-d7746996-Reviews-Statue_of_Avalokiteshvara-Ho_Chi_Minh_City.html
1,1,0,0,0,0,0,0,0,0,0,1,0,0,0,0,0,0,0,0,"Điểm thu hút khách tham quan & thắng cảnh, Danh lam & Thắng cảnh",,"269/2 Nguyen Thi Nho St Thành phố Hồ Chí Minh, Việt Nam",Khanh Van Nam Pagoda,https://www.tripadvisor.com.vn//Attraction_Review-g293925-d6759635-Reviews-Khanh_Van_Nam_Pagoda-Ho_Chi_Minh_City.html
1,0,1,0,0,0,0,0,0,0,0,1,0,0,0,0,0,0,0,0,"Địa điểm linh thiêng & tôn giáo, Danh lam & Thắng cảnh",,"120 Tran Binh Trong Thành phố Hồ Chí Minh, Việt Nam",Nhà thờ Chợ Quán,https://www.tripadvisor.com.vn//Attraction_Review-g293925-d12805764-Reviews-Cho_Quan_church-Ho_Chi_Minh_City.html
1,1,0,0,0,0,0,0,0,0,0,1,0,0,0,0,0,0,0,0,"Điểm thu hút khách tham quan & thắng cảnh, Danh lam & Thắng cảnh",,"299B đường Lương Định Của, phường Bình Khánh, quận 2 Thành phố Hồ Chí Minh 70000, Việt Nam",Chùa Huê Nghiêm,https://www.tripadvisor.com.vn//Attraction_Review-g293925-d6941951-Reviews-Hue_Nghiem_Pagoda-Ho_Chi_Minh_City.html
1,0,1,0,0,0,0,0,0,0,0,1,0,0,0,0,0,0,0,0,"Địa điểm linh thiêng & tôn giáo, Đài phun nước, Danh lam & Thắng cảnh",,"81 đường Nguyễn Xiển, Tổ 1, Ấp Thái Bình 1, Phường Long Bình, Quận 9 Thành phố Hồ Chí Minh 70000, Việt Nam",Chùa Bửu Long,https://www.tripadvisor.com.vn//Attraction_Review-g293925-d9456964-Reviews-Buu_Long_Temple-Ho_Chi_Minh_City.html
1,0,1,0,0,0,0,0,0,0,0,1,0,0,0,0,0,0,0,0,"Địa điểm linh thiêng & tôn giáo, Danh lam & Thắng cảnh",,"264 Dong Hai Thuong Lai Ong Thành phố Hồ Chí Minh 70000, Việt Nam",Ong Bon Pagoda,https://www.tripadvisor.com.vn//Attraction_Review-g293925-d311105-Reviews-Ong_Bon_Pagoda-Ho_Chi_Minh_City.html
1,1,0,0,0,0,0,0,0,0,0,1,0,0,0,0,0,0,0,0,"Điểm thu hút khách tham quan & thắng cảnh, Danh lam & Thắng cảnh",,"Ba thang Hai & Tran Minh Quyen Streets, District 10 Thành phố Hồ Chí Minh, Việt Nam",Chùa Quốc Tự,https://www.tripadvisor.com.vn//Attraction_Review-g293925-d1370380-Reviews-Quoc_Tu_Pagoda-Ho_Chi_Minh_City.html
1,0,0,0,0,0,0,0,0,0,0,1,0,0,1,0,0,0,0,0,"Đài kỷ niệm & tượng, Danh lam & Thắng cảnh",,"số 1 đường Vũ Tùng, phường 1, quận Bình Thạnh Thành phố Hồ Chí Minh 70000, Việt Nam",Lăng Tả quân Lê Văn Duyệt,https://www.tripadvisor.com.vn//Attraction_Review-g293925-d9974461-Reviews-Tomb_of_Le_Van_Duyet-Ho_Chi_Minh_City.html
1,1,0,0,0,0,0,0,0,0,0,1,0,0,0,0,0,0,0,0,"Điểm thu hút khách tham quan & thắng cảnh, Danh lam & Thắng cảnh",,"139 Dong Khoi, Ben Nghe Ward Thành phố Hồ Chí Minh 70000, Việt Nam",Galerie Nguyen,https://www.tripadvisor.com.vn//Attraction_Review-g293925-d7346369-Reviews-Galerie_Nguyen-Ho_Chi_Minh_City.html
1,0,0,0,0,0,0,0,0,0,0,1,0,0,0,0,0,0,0,1,"Khu lân cận, Danh lam & Thắng cảnh",,"Thành phố Hồ Chí Minh, Việt Nam",Sài Gòn,https://www.tripadvisor.com.vn//Attraction_Review-g293925-d11426758-Reviews-Saigon-Ho_Chi_Minh_City.html
1,0,1,0,0,0,0,0,0,0,0,1,0,0,0,0,0,0,0,0,"Địa điểm linh thiêng & tôn giáo, Danh lam & Thắng cảnh",,"678 Nguyễn Trẵi Thành phố Hồ Chí Minh 70000, Việt Nam",Chùa Nghĩa An,https://www.tripadvisor.com.vn//Attraction_Review-g293925-d9806515-Reviews-Nghia_An_Temple-Ho_Chi_Minh_City.html
1,0,1,0,0,0,0,0,0,0,0,1,1,0,0,0,0,0,0,0,"Địa điểm linh thiêng & tôn giáo, Địa điểm lịch sử, Danh lam & Thắng cảnh",,"641 D Nguyen Trai Cholon Thành phố Hồ Chí Minh 70000, Việt Nam",Cholon Mosque,https://www.tripadvisor.com.vn//Attraction_Review-g293925-d3546810-Reviews-Cholon_Mosque-Ho_Chi_Minh_City.html
1,0,1,0,0,0,0,0,0,0,0,1,0,0,0,0,0,0,0,0,"Địa điểm linh thiêng & tôn giáo, Danh lam & Thắng cảnh",,"Quận 2 Thành phố Hồ Chí Minh, Việt Nam",Pháp Viện Minh Đăng Quang,https://www.tripadvisor.com.vn//Attraction_Review-g293925-d7827635-Reviews-Phap_Vi_n_Minh_Dang_Quang-Ho_Chi_Minh_City.html
1,1,0,0,0,0,0,0,0,0,0,1,0,0,1,0,0,0,0,0,"Đài kỷ niệm & tượng, Điểm thu hút khách tham quan & thắng cảnh, Danh lam & Thắng cảnh",,"Ton Duc Thang, Ben Nghe Thành phố Hồ Chí Minh 70000, Việt Nam",Tran Hung Dao Statue,https://www.tripadvisor.com.vn//Attraction_Review-g293925-d7158706-Reviews-Tran_Hung_Dao_Statue-Ho_Chi_Minh_City.html
1,0,0,0,0,0,0,0,0,0,0,1,0,0,1,0,0,0,0,0,"Cầu, Danh lam & Thắng cảnh",,"Tan Phu Ward, District 7 Thành phố Hồ Chí Minh 70000, Việt Nam",Cầu Ánh Sao,https://www.tripadvisor.com.vn//Attraction_Review-g293925-d8300005-Reviews-Starlight_Bridge_Anh_Sao_Bridge-Ho_Chi_Minh_City.html
1,0,1,0,0,0,0,0,0,0,0,1,0,0,0,0,0,0,0,0,"Địa điểm linh thiêng & tôn giáo, Danh lam & Thắng cảnh",,"12 Lão Tử Thành phố Hồ Chí Minh 70000, Việt Nam",Chùa Ôn Lăng,https://www.tripadvisor.com.vn//Attraction_Review-g293925-d8587831-Reviews-On_Lang_Pagoda-Ho_Chi_Minh_City.html
1,0,1,0,0,0,0,0,0,0,0,1,0,0,0,0,0,0,0,0,"Địa điểm linh thiêng & tôn giáo, Danh lam & Thắng cảnh",,"66 Ton That Thiep Thành phố Hồ Chí Minh 70000, Việt Nam",Sri Thenday Yuttha Panin Temple,https://www.tripadvisor.com.vn//Attraction_Review-g293925-d7714795-Reviews-Sri_Thenday_Yuttha_Panin_Temple-Ho_Chi_Minh_City.html
1,0,1,0,0,0,0,0,0,0,0,1,0,0,0,0,0,0,0,0,"Địa điểm linh thiêng & tôn giáo, Danh lam & Thắng cảnh",,"184 Hồng Bàng, quận 5 Thành phố Hồ Chí Minh 70000, Việt Nam",Hội quán Phước An,https://www.tripadvisor.com.vn//Attraction_Review-g293925-d8856733-Reviews-Phuoc_An_Hoi_Quan-Ho_Chi_Minh_City.html
1,1,1,0,0,0,0,0,0,0,0,1,0,0,0,0,0,0,0,0,"Địa điểm linh thiêng & tôn giáo, Điểm thu hút khách tham quan & thắng cảnh, Danh lam & Thắng cảnh",,"66 Dong Du Street, Dist 1 Thành phố Hồ Chí Minh 70000, Việt Nam",Saigon Central Mosque,https://www.tripadvisor.com.vn//Attraction_Review-g293925-d6602281-Reviews-Saigon_Central_Mosque-Ho_Chi_Minh_City.html
1,0,0,0,0,0,0,1,0,0,0,1,0,0,0,0,0,0,0,0,"Nhà thờ & nhà thờ lớn, Danh lam & Thắng cảnh",,"25 Hoc Lac Street, District 5 Thành phố Hồ Chí Minh 70000, Việt Nam",Nhà thờ Cha Tam (Nhà thờ Thánh Phanxicô Xaviê),https://www.tripadvisor.com.vn//Attraction_Review-g293925-d4155128-Reviews-Nha_Tho_Cha_Tam_Cha_Tam_Church-Ho_Chi_Minh_City.html
1,0,1,0,0,0,0,0,0,0,0,1,0,0,0,0,0,0,0,0,"Địa điểm linh thiêng & tôn giáo, Danh lam & Thắng cảnh",,"89 Ba Huyen Thanh Quan St, District 3 Thành phố Hồ Chí Minh, Việt Nam",Temple of the Buddha's Relic (Xa Loi pagoda),https://www.tripadvisor.com.vn//Attraction_Review-g293925-d552637-Reviews-Temple_of_the_Buddha_s_Relic_Xa_Loi_pagoda-Ho_Chi_Minh_City.html
1,1,0,0,0,0,0,0,0,0,0,1,0,0,0,0,0,0,0,0,"Điểm thu hút khách tham quan & thắng cảnh, Danh lam & Thắng cảnh",,"531 Pham Ngu Lao Thành phố Hồ Chí Minh 70000, Việt Nam",Calispa,https://www.tripadvisor.com.vn//Attraction_Review-g293925-d5501746-Reviews-Calispa-Ho_Chi_Minh_City.html
1,0,0,0,0,0,0,0,0,0,0,1,0,0,0,0,0,0,0,1,"Khu lân cận, Danh lam & Thắng cảnh",,"Thành phố Hồ Chí Minh, Việt Nam",Phố Tàu Sài Gòn (Chợ Lớn Quận 5),https://www.tripadvisor.com.vn//Attraction_Review-g293925-d454972-Reviews-Chinatown_Cho_Lon_District_5-Ho_Chi_Minh_City.html
1,1,0,0,0,0,0,0,0,0,0,1,0,0,0,0,0,0,0,0,"Điểm thu hút khách tham quan & thắng cảnh, Danh lam & Thắng cảnh",,"Thành phố Hồ Chí Minh, Việt Nam",Sông Sài Gòn,https://www.tripadvisor.com.vn//Attraction_Review-g293925-d9806454-Reviews-Saigon_River-Ho_Chi_Minh_City.html
1,1,0,0,0,0,0,0,0,0,0,1,0,0,0,0,0,0,0,0,"Điểm thu hút khách tham quan & thắng cảnh, Danh lam & Thắng cảnh",,"Đường Nguyễn Huệ Thành phố Hồ Chí Minh 70000, Việt Nam",Phố đi bộ Nguyễn Huệ,https://www.tripadvisor.com.vn//Attraction_Review-g293925-d8290115-Reviews-Nguyen_Hue_Street-Ho_Chi_Minh_City.html
1,0,1,0,0,0,0,0,0,0,0,1,0,0,0,0,0,0,0,0,"Địa điểm linh thiêng & tôn giáo, Danh lam & Thắng cảnh",,"710 Nguyễn Trãi Thành phố Hồ Chí Minh, Việt Nam",Chùa Bà Thiên Hậu,https://www.tripadvisor.com.vn//Attraction_Review-g293925-d2273335-Reviews-Ba_Thien_Hau_Temple-Ho_Chi_Minh_City.html
1,0,1,0,0,0,0,0,0,0,0,1,0,0,0,0,0,0,0,0,"Địa điểm linh thiêng & tôn giáo, Danh lam & Thắng cảnh",,"289 Hai Bà Trưng, phường 8, Quận 3 Thành phố Hồ Chí Minh 70000, Việt Nam",Nhà thờ Tân Định,https://www.tripadvisor.com.vn//Attraction_Review-g293925-d10085046-Reviews-Tan_Dinh_Church-Ho_Chi_Minh_City.html
1,0,0,0,0,0,0,0,0,0,0,1,0,0,0,0,0,1,0,0,"Đài & tháp quan sát, Danh lam & Thắng cảnh",,"36 Hồ Tùng Mậu, Phường Bến Nghé, Quận 1 Thành phố Hồ Chí Minh 70000, Việt Nam",Tháp Tài chính Bitexco,https://www.tripadvisor.com.vn//Attraction_Review-g293925-d2037764-Reviews-Bitexco_Financial_Tower_Saigon_Skydeck-Ho_Chi_Minh_City.html
1,0,1,0,0,0,0,0,0,0,0,1,0,0,0,0,0,0,0,0,"Địa điểm linh thiêng & tôn giáo, Danh lam & Thắng cảnh",,"Lac Long Quan Street Thành phố Hồ Chí Minh 700000, Việt Nam",Giac Lam Pagoda,https://www.tripadvisor.com.vn//Attraction_Review-g293925-d317889-Reviews-Giac_Lam_Pagoda-Ho_Chi_Minh_City.html
1,0,0,0,0,0,0,0,0,0,0,1,0,0,0,0,0,1,0,0,"Nếm bia & Tham quan, Đài & tháp quan sát, Chuyến tham quan, Danh lam & Thắng cảnh, Đồ ăn & Đồ uống",,"36 Hồ Tùng Mậu Thành phố Hồ Chí Minh, Việt Nam",The World of Heineken,https://www.tripadvisor.com.vn//Attraction_Review-g293925-d13162287-Reviews-The_World_of_Heineken-Ho_Chi_Minh_City.html
1,0,1,0,0,0,0,0,0,0,0,1,0,0,0,0,0,0,0,0,"Địa điểm linh thiêng & tôn giáo, Danh lam & Thắng cảnh",,"73 Mai Thi Luu St Thành phố Hồ Chí Minh 70000, Việt Nam",Emperor Jade Pagoda (Chua Ngoc Hoang or Phuoc Hai Tu),https://www.tripadvisor.com.vn//Attraction_Review-g293925-d311094-Reviews-Emperor_Jade_Pagoda_Chua_Ngoc_Hoang_or_Phuoc_Hai_Tu-Ho_Chi_Minh_City.html
1,1,0,0,0,0,0,0,0,0,0,1,0,0,0,0,0,0,0,0,"Điểm thu hút khách tham quan & thắng cảnh, Danh lam & Thắng cảnh",,"Phố đi bộ Nguyễn Huệ, quận 1 Thành phố Hồ Chí Minh 70000, Việt Nam",Quảng trường Hồ Chí Minh,https://www.tripadvisor.com.vn//Attraction_Review-g293925-d317893-Reviews-Ho_Chi_Minh_Squares-Ho_Chi_Minh_City.html
1,0,0,0,0,0,0,0,0,0,0,1,0,0,0,0,0,0,0,0,"Chiến trường, Căn cứ & doanh trại quân đội, Danh lam & Thắng cảnh",,"Cu Chi Thành phố Hồ Chí Minh 700000, Việt Nam",Địa Đạo Bến Đình,https://www.tripadvisor.com.vn//Attraction_Review-g293925-d7736325-Reviews-Ben_Dinh_Tunnels-Ho_Chi_Minh_City.html
1,0,0,0,1,1,0,0,0,0,0,1,0,0,0,0,0,0,0,0,"Tòa nhà kiến trúc, Tòa nhà chính phủ, Danh lam & Thắng cảnh",,"Giao giữa đường Đồng Khởi và Nhà thờ Đức Bà Thành phố Hồ Chí Minh 70000, Việt Nam",Bưu điện trung tâm Sài Gòn,https://www.tripadvisor.com.vn//Attraction_Review-g293925-d311089-Reviews-Central_Post_Office-Ho_Chi_Minh_City.html
1,1,0,0,0,0,0,0,0,0,0,1,0,0,1,0,0,0,0,0,"Đài kỷ niệm & tượng, Điểm thu hút khách tham quan & thắng cảnh, Danh lam & Thắng cảnh",,"Corner of Cach Mang Thang Tam & Nguyen Dinh Chieu Street Thành phố Hồ Chí Minh 70000, Việt Nam",The Venerable Thich Quang Duc Monument,https://www.tripadvisor.com.vn//Attraction_Review-g293925-d6438587-Reviews-The_Venerable_Thich_Quang_Duc_Monument-Ho_Chi_Minh_City.html
1,0,0,0,1,1,0,0,0,0,0,1,0,0,0,0,0,0,0,0,"Tòa nhà kiến trúc, Tòa nhà chính phủ, Danh lam & Thắng cảnh, Hòa nhạc & chương trình biểu diễn",,"07 Quảng Trường Lam Sơn Thành phố Hồ Chí Minh 70000, Việt Nam",Nhà hát Thành Phố Hồ Chí Minh,https://www.tripadvisor.com.vn//Attraction_Review-g293925-d454974-Reviews-Saigon_Opera_House_Ho_Chi_Minh_Municipal_Theater-Ho_Chi_Minh_City.html
1,1,0,0,0,0,0,0,0,0,0,1,0,0,0,0,0,0,0,0,"Điểm thu hút khách tham quan & thắng cảnh, Danh lam & Thắng cảnh",,"26 - 28 - 30 Thủ Khoa Huân, Phường Bến Thành, Quận 1 Thành phố Hồ Chí Minh 70000, Việt Nam",Chợ Ẩm Thực Đường Phố Bến Thành,https://www.tripadvisor.com.vn//Attraction_Review-g293925-d10005057-Reviews-Benthanh_Street_Food_Market-Ho_Chi_Minh_City.html